{"cameraMode":{"drawMode":0,"name":"Shaded","section":"Shading Mode"},"sceneLighting":false,"audioPlay":false,"sceneViewState":{"showFog":true,"showMaterialUpdate":false,"showSkybox":false,"showFlares":true,"showImageEffects":true,"showParticleSystems":true,"showVisualEffectGraphs":true,"m_FxEnabled":true},"in2DMode":false,"pivot":{"x":0.0000021457672119140627,"y":0.13521212339401246,"z":-13.686542510986329},"rotation":{"x":-0.2870498299598694,"y":0.12428294122219086,"z":-0.0375853031873703,"w":-0.9490921497344971},"size":8.145608901977539,"orthographic":false}