{"cameraMode":{"drawMode":0,"name":"Shaded","section":"Shading Mode"},"sceneLighting":false,"audioPlay":false,"sceneViewState":{"showFog":true,"showMaterialUpdate":false,"showSkybox":false,"showFlares":true,"showImageEffects":true,"showParticleSystems":true,"showVisualEffectGraphs":true,"m_FxEnabled":true},"in2DMode":false,"pivot":{"x":-123.49076080322266,"y":52.76272964477539,"z":101.66868591308594},"rotation":{"x":-0.20263981819152833,"y":-0.0003658851783256978,"z":-0.00013107834092807025,"w":-0.9795312881469727},"size":33.86688232421875,"orthographic":false}