{"cameraMode":{"drawMode":0,"name":"Shaded","section":"Shading Mode"},"sceneLighting":false,"audioPlay":false,"sceneViewState":{"showFog":true,"showMaterialUpdate":false,"showSkybox":false,"showFlares":true,"showImageEffects":true,"showParticleSystems":true,"showVisualEffectGraphs":true,"m_FxEnabled":true},"in2DMode":false,"pivot":{"x":474.2820129394531,"y":171.51553344726563,"z":389.9590759277344},"rotation":{"x":-0.20263981819152833,"y":-0.0003658851783256978,"z":-0.00013107834092807025,"w":-0.9795312881469727},"size":18.332035064697267,"orthographic":false}