{"cameraMode":{"drawMode":0,"name":"Shaded","section":"Shading Mode"},"sceneLighting":false,"audioPlay":false,"sceneViewState":{"showFog":true,"showMaterialUpdate":false,"showSkybox":false,"showFlares":true,"showImageEffects":true,"showParticleSystems":true,"showVisualEffectGraphs":true,"m_FxEnabled":true},"in2DMode":false,"pivot":{"x":0.000002384185791015625,"y":0.12591850757598878,"z":1.3963303565979005},"rotation":{"x":-0.2870498299598694,"y":0.12428294122219086,"z":-0.0375853031873703,"w":-0.9490921497344971},"size":8.939841270446778,"orthographic":false}