{"cameraMode":{"drawMode":0,"name":"Shaded","section":"Shading Mode"},"sceneLighting":false,"audioPlay":false,"sceneViewState":{"showFog":true,"showMaterialUpdate":false,"showSkybox":false,"showFlares":true,"showImageEffects":true,"showParticleSystems":true,"showVisualEffectGraphs":true,"m_FxEnabled":true},"in2DMode":false,"pivot":{"x":127.90000915527344,"y":122.99998474121094,"z":123.0999984741211},"rotation":{"x":0.28713423013687136,"y":0.05118453875184059,"z":-0.015249672345817089,"w":0.956606924533844},"size":23.481903076171876,"orthographic":false}