{"cameraMode":{"drawMode":0,"name":"Shaded","section":"Shading Mode"},"sceneLighting":false,"audioPlay":false,"sceneViewState":{"showFog":true,"showMaterialUpdate":false,"showSkybox":false,"showFlares":true,"showImageEffects":true,"showParticleSystems":true,"showVisualEffectGraphs":true,"m_FxEnabled":true},"in2DMode":false,"pivot":{"x":74.69999694824219,"y":196.13961791992188,"z":199.72857666015626},"rotation":{"x":-0.27575281262397768,"y":-0.0004073138115927577,"z":-0.0002125790051650256,"w":-0.9615022540092468},"size":7.9452738761901859,"orthographic":false}